Острова вечного лета,https://www.lostfilm.tv/news/id7586,Постеры десятого сезона «Полиции Гавайев»,3
Призрак прошлого,https://www.lostfilm.tv/news/id7585,Кастинг финального сезона «Стрелы»,15
"Встречи, которые меняют все",https://www.lostfilm.tv/news/id7584,Озвученный трейлер четвертого сезона «Это мы»,9
Опять скрипит потертое седло,https://www.lostfilm.tv/news/id7583,Кастинг супергеройского кроссовера «Кризис на Бесконечных Землях»,4
"Кто ты, маска?",https://www.lostfilm.tv/news/id7582,Постер второго сезона «Судной ночи»,4
Все тайное станет явным,https://www.lostfilm.tv/news/id7581,Кастинг и фотокадры четвертого сезона «Ривердэйла»,6
Клэй Дженсен отправится к психологу,https://www.lostfilm.tv/news/id7580,Кастинг финального сезона «13 причин почему»,9
Место встречи — у пацанов,https://www.lostfilm.tv/news/id7579,Кастинг второго сезона телекомикса,22
Сопротивление не сдается,https://www.lostfilm.tv/news/id7578,Озвученный трейлер финального сезона «Звездных войн: Сопротивление»,5
ЦРУ начнет новую миссию в ноябре,https://www.lostfilm.tv/news/id7577,Дата премьеры второго сезона «Джека Райана»,5
Бизнесмен с душой ботаника,https://www.lostfilm.tv/news/id7576,Кастинг второго сезона «Возвращения»,1
Служанки пятнадцать лет спустя,https://www.lostfilm.tv/news/id7575,Hulu расширит вселенную «Рассказа служанки»,23
Доктор и сенатор в одном лице,https://www.lostfilm.tv/news/id7574,Кастинг четвертого сезона «Фарго»,9
Шпионское свидание,https://www.lostfilm.tv/news/id7573,Фотокадры второго сезона «Джека Райана»,5
Держись в седле,https://www.lostfilm.tv/news/id7572,Кастинг третьего сезона «Йеллоустоуна»,5
Что под елочкой у хакера?,https://www.lostfilm.tv/news/id7571,Озвученный трейлер четвертого сезона «Мистера Робота»,5
«Это всего лишь вопрос времени»,https://www.lostfilm.tv/news/id7570,Озвученный тизер седьмого сезона «Агентов Щ.И.Т.»,34
"«Не похожий на тебя, не похожий на меня»",https://www.lostfilm.tv/news/id7569,Премьера сериала «Карнивал Роу»,41
«Мы бесили Финчера своим хохотом»,https://www.lostfilm.tv/news/id7565,"Холт МакКэллани о втором сезоне «Охотника за разумом», общении с серийными убийцами и спецдиете спецагента",23
Будь Бэтменом,https://www.lostfilm.tv/news/id7568,Озвученный трейлер и постеры второго сезона «Титанов»,43
Легенды против великого завоевателя,https://www.lostfilm.tv/news/id7567,Кастинг пятого сезона «Легенд завтрашнего дня»,11
Проклятый дом заманивает гостей,https://www.lostfilm.tv/news/id7566,Кастинг второго сезона «Призраков дома на холме»,8
Побольше сладкого для фанатов,https://www.lostfilm.tv/news/id7563,Озвученная фичуретка сериала «90210»,5
Вы въезжаете в Касл-Рок,https://www.lostfilm.tv/news/id7564,Дата премьеры второго сезона хита канала hulu,35
Ведьмочки встретят таинственного незнакомца,https://www.lostfilm.tv/news/id7562,Кастинг второго сезона «Зачарованных»,31
«Тормоза придумали трусы»,https://www.lostfilm.tv/news/id7559,"Кевин Бейкон о сериале «Город на холме», злодеях среди нас и надоевших вопросах",24
Тереса Мендоса остается в бизнесе,https://www.lostfilm.tv/news/id7561,«Королева юга» продлена на пятый сезон,21
Модная тревога,https://www.lostfilm.tv/news/id7560,Озвученный трейлер сериала «Кэти Кин»,14
Звездные гости «Пандоры»,https://www.lostfilm.tv/news/id7558,Кастинг финала первого сезона,22
В ожидании Кризиса,https://www.lostfilm.tv/news/id7557,Фотокадры шестого сезона «Флэша»,16
Злая и коварная мачеха,https://www.lostfilm.tv/news/id7556,Кастинг второго сезона «Расскажи мне сказку»,7
"Новый дом, старые кошмары",https://www.lostfilm.tv/news/id7555,Кастинг второго сезона «Призраков дома на холме»,8
Власть на другой планете,https://www.lostfilm.tv/news/id7554,Кастинг второго сезона «Видоизмененного углерода»,46
Эллиот Алдерсон готов снова хакнуть Систему,https://www.lostfilm.tv/news/id7553,Дата премьеры и постер финального сезона «Мистера Робота»,8
"Моргай тише, бесишь",https://www.lostfilm.tv/news/id7552,Премьера сериала «Почему женщины убивают»,20
«Рефн смотрел свой сериал с закрытыми глазами»,https://www.lostfilm.tv/news/id7551,"Николас Виндинг Рефн и Майлз Теллер о сериале «Слишком стар, чтобы умереть молодым» и реинкарнации Элвиса",12
Осенний марафон Джесси Пинкмана,https://www.lostfilm.tv/news/id7550,Дата премьеры полнометражного сиквела сериала «Во все тяжкие»,113
Клоны и дроиды готовы к последнему бою,https://www.lostfilm.tv/news/id7549,Дата премьеры и фотокадр финального сезона мультсериала «Звездные Войны: Войны Клонов»,53
Кто убивает ради книги?,https://www.lostfilm.tv/news/id7548,Озвученный трейлер третьего сезона «Мистера Мерседеса»,18
«Судная ночь» вернется в октябре,https://www.lostfilm.tv/news/id7547,Дата премьеры и кадры второго сезона,8
Прочь от воды!,https://www.lostfilm.tv/news/id7546,Озвученный трейлер третьего сезона «9-1-1»,14
Тригон не дремлет,https://www.lostfilm.tv/news/id7545,Постер и фотокадры второго сезона «Титанов»,12
На грани вымирания,https://www.lostfilm.tv/news/id7544,Синопсис и постер десятого сезона «Ходячих мертвецов»,44
Джон Даттон предастся воспоминаниям,https://www.lostfilm.tv/news/id7543,Кастинг и фотокадры второго сезона «Йеллоустоуна»,3
Особенный мальчик с воображением,https://www.lostfilm.tv/news/id7542,Озвученный трейлер второго сезона «Шучу»,6
Шайка готова бороться за каждого зрителя,https://www.lostfilm.tv/news/id7541,Постер четырнадцатого сезона «В Филадельфии всегда солнечно»,6
Ни года без потерь,https://www.lostfilm.tv/news/id7540,Изменения в актерском составе «Легенд завтрашнего дня»,23
"Новый сезон, новые вопросы",https://www.lostfilm.tv/news/id7539,Озвученный трейлер третьего сезона «13 причин почему»,14
Добро пожаловать в Страну чудес,https://www.lostfilm.tv/news/id7538,Кастинг первого сезона «Бэтвумен»,19
Уолтер Круз продолжит бороться с ПТСР,https://www.lostfilm.tv/news/id7537,Кастинг второго сезона «Возвращения»,5
