Конкурс!   Разыгрываются ТРИ набора ножей SAMURA GOLF! - Продолжительность: 60 секунд,/watch?v=ZSoOW1lqky0
"Он улетел, но обещал вернуться... - Продолжительность: 86 секунд",/watch?v=gwLx98wjmVY
Свинья на вертеле - Продолжительность: 10 минут,/watch?v=obwQLv84bg0
Ресторан в котором кормят ВКУСНОЙ рыбой - Продолжительность: 10 минут,/watch?v=Mg0JktuKrYs
Греческий кокореци. Вертел и угли - СИЛА! - Продолжительность: 11 минут,/watch?v=j3fw7K1n1X0
СРОЧНОЕ ОБЪЯВЛЕНИЕ - Продолжительность: 76 секунд,/watch?v=Mu46H8TpVVs
Как РЕАЛЬНО готовят паэлью в ИСПАНСКОМ РЕСТОРАНЕ - Продолжительность: 12 минут,/watch?v=6bSVQs3mFyA
Венский шницель. Что это такое и с чем его едят - Продолжительность: 9 минут 29 секунд,/watch?v=C2dabgbNGi8
Идеи для завтрака. Печеная картошка с яйцами - Продолжительность: 4 минуты 33 секунды,/watch?v=daXp8wFHLJI
Цыпленок тапака и жареный салат - Продолжительность: 11 минут,/watch?v=XNfFpXVZUIU
"Картофельно-мясные фрикадельки. ""Я его слепила из того что было"" - Продолжительность: 6 минут 21 секунда",/watch?v=e7_XpB8PW_g
Чикенбургер ЛУЧШЕ чем в McDonalds! - Продолжительность: 7 минут 31 секунда,/watch?v=DXEMLbHzArI
Как из 700г стейка получить трёхсотграмовую подошву. САМЫЙ ОТСТОЙНЫЙ РЕСТОРАН на коста бланке - Продолжительность: 12 минут,/watch?v=SqgKmeBu2To
Эволюция чахохбили. Гриль - Продолжительность: 9 минут 36 секунд,/watch?v=GTcTIk666Qk
Идеи для завтрака. Тортилья с хахаряшками - Продолжительность: 8 минут 52 секунды,/watch?v=FhbUYFt4tOU
Немецкие колбаски на гриле и картофельный салат - Продолжительность: 12 минут,/watch?v=8kmha4MFojM
Идеи для завтрака. Необычные драники и пашот. - Продолжительность: 5 минут 8 секунд,/watch?v=xbnbVlKUqfo
Свиные ребрышки в глазури на гриле. LOW&SLOW - Продолжительность: 13 минут,/watch?v=BcCJGFlbEPM
Ореховый рулет  - обалденная начинка - Продолжительность: 6 минут 26 секунд,/watch?v=BU_XBA5oy6c
"Паэлья, как она должна готовиться НА САМОМ ДЕЛЕ - Продолжительность: 14 минут",/watch?v=8CyoIGa4ThI
Объявление - Продолжительность: 31 секунда,/watch?v=rL1jIO-OpqI
Бескомпромиссный МЕГАБУРГЕР - Продолжительность: 18 минут,/watch?v=DROjGvxW9Fk
Лососевые башни. - Продолжительность: 5 минут 55 секунд,/watch?v=uUTY3gz2GmQ
Говяжьи ребрышки на углях. Low&slow с азиатскими мотивами - Продолжительность: 12 минут,/watch?v=VQeA-ad2E4c
Супер быстрые пирожки. Из готового теста фило. - Продолжительность: 7 минут 54 секунды,/watch?v=v8zb0YVU_rk
Тамбовский окорок Ver.2.0 - Продолжительность: 15 минут,/watch?v=z1hvnHS-PTA
ОСТРЫЕ куриные крылышки гриль. Азиатские мотивы. Или нет. - Продолжительность: 11 минут,/watch?v=ue1i3ZWGyRc
Домашняя пеперони и НАСТОЯЩАЯ неаполитанская пицца. - Продолжительность: 20 минут,/watch?v=F2N03CRy5SI
Ветчина ленинградская из говядины и свинины. Ну ООООЧЕНЬ вкусная. - Продолжительность: 10 минут,/watch?v=XB_1cnD6lxw
"Чечевица, курица и паста ОБАЛДЕННО вкусно! - Продолжительность: 7 минут 18 секунд",/watch?v=zzkHzklLRZE
Супер быстрая выпечка на углях. Порадуй детей на шашлыках! - Продолжительность: 9 минут 2 секунды,/watch?v=_CVIowoR-f4
Нежнеееейшая баранина на гриле - Продолжительность: 6 минут 45 секунд,/watch?v=ixFctvZh8ng
Эта нога - кого надо нога! Индейка варено-копченая с финтифлюшками - Продолжительность: 11 минут,/watch?v=qd2rxU-TGYA
Shepherd's pie - пастуший пирог. Картофельная запеканка на максималках - Продолжительность: 10 минут,/watch?v=TX0UEOd20dU
Творожные пончики-шарики. Родом из детства - Продолжительность: 5 минут 46 секунд,/watch?v=Yr6817uUzOo
Картофельная колбаса - Продолжительность: 6 минут 56 секунд,/watch?v=F0dPYZCD9hc
"Домашний сидр, самодельное пиво и креветки пиль-пиль. Дегустация - Продолжительность: 30 минут",/watch?v=0yJJTeCz2yk
Азиатская кухня. Свиная острая кисло-сладкая грудинка Великий Мао - Продолжительность: 6 минут 17 секунд,/watch?v=TLgX876ezNA
Рассольник по всем правилам - Продолжительность: 7 минут 30 секунд,/watch?v=QvRaxsxqgX8
Как ПРАВИЛЬНО есть сырокопченую корейку? Карбонара на максималках! (НЕТ) - Продолжительность: 4 минуты 43 секунды,/watch?v=c7Y62x_ylB8
Корейка сырокопченая. САМАЯ ВКУСНАЯ КОРЕЙКА - Продолжительность: 10 минут,/watch?v=mPmfun71TiM
Аджика мягкая и рулька в ОСТРОЙ аджике - Продолжительность: 7 минут 44 секунды,/watch?v=eHr7OZgqEQ8
"Аджика грузинская - ""АГОНЬ"". Очень острая! - Продолжительность: 9 минут 58 секунд",/watch?v=qBMF3BM37CI
Ягнятина в вине. Время гриля - Продолжительность: 5 минут 55 секунд,/watch?v=GMR0WSaeQHA
Панчетта арротолата - сыровяленный итальянский бекон в ДОМАШНИХ условиях - Продолжительность: 9 минут 9 секунд,/watch?v=kwSpyC_TdoY
Лазанья в цветах итальянского флага - Продолжительность: 7 минут 26 секунд,/watch?v=CB5pj40Jhnc
БОНУС - ВЫПУСК. ВАЛЕНСИЯ в ОГНЕ!!! Fallas - Продолжительность: 12 минут,/watch?v=RG0YFRJslHc
Что ел Ларри в выходном костюме? Обалденный торт с лимонным курдом и кумкватами. - Продолжительность: 10 минут,/watch?v=HQ9h-fn-6FI
Так какую всё таки сырокопченую колбасу готовить дома? Свиную или особую? - Продолжительность: 14 минут,/watch?v=KGKhaa_pIlU
Макарошки с рагу из утиного конфи. Mafalde di Napoli con ragu de pato - Продолжительность: 8 минут 8 секунд,/watch?v=QivCRxLlj1o
Готовлю ДОМА сырокопченые колбасы по ГОСТ 16131 - Московская и Советская - Продолжительность: 13 минут,/watch?v=yO6vefdyZpg
"Coves del canelobre, комплексный обед и при чём здесь подсвечник? - Продолжительность: 7 минут 44 секунды",/watch?v=u4ZXR4PMlcg
Куриные ножки в азиатском стиле - Продолжительность: 9 минут 26 секунд,/watch?v=kobL0lb-q1A
"Всё, что вы хотели знать про паштет из грибов и кураги со свининой, но стеснялись спросить - Продолжительность: 9 минут 47 секунд",/watch?v=gWrcRnZbEOw
Ризотированная паста с тефтелями - Продолжительность: 5 минут 10 секунд,/watch?v=Cr2YqcbxtkI
Колбаски куриные для жарки. Надо готовить! - Продолжительность: 7 минут 53 секунды,/watch?v=hivqlzd7cFI
Пастрома из говядины. ЧУМОВОЙ РЕЗУЛЬТАТ! - Продолжительность: 8 минут 7 секунд,/watch?v=sp9EfOwLvc4
"Террин с языком. Почти холодец, но не холодец - Продолжительность: 8 минут 47 секунд",/watch?v=TV3n5TPPBiE
Рулет из грудинки. Экспериментальный - Продолжительность: 11 минут,/watch?v=_Hk0kdja2gs
"Как вам такой формат? Рубрика ""Обед за полчаса"". Почти рыбник - Продолжительность: 2 минуты 40 секунд",/watch?v=8xEuU8e0Y0Q
"НЕЖНЕЙШИЕ, ВОЗДУШНЫЕ ватрушки с творогом - Продолжительность: 9 минут 55 секунд",/watch?v=qaV7xa-wCDY
Суп из апельсинов?! СЕРЬЁЗНО??? - Продолжительность: 5 минут 44 секунды,/watch?v=_k_TL737FdA
Террин по деревенски (мясной паштет с начинкой из инжира и фисташек) - Продолжительность: 13 минут,/watch?v=at3ASVSxjOA
Гратен де ригатоне аль рагу - запеканка из макарон с мясом на испанский лад - Продолжительность: 8 минут 56 секунд,/watch?v=CestvVUKYz4
Колбаски туристские сырокопченые по ГОСТ 16131 своими руками - Продолжительность: 12 минут,/watch?v=UIZyTmub0OU
Курица по Хестону и бутер размером с руку? Ну не знааааю!.. - Продолжительность: 7 минут 28 секунд,/watch?v=3yRafGIftjs
Кролик по-канарски Conejo en salmorejo - Продолжительность: 11 минут,/watch?v=FHCY4wvPEAQ
Sartenada - испанская классика  - СКОВОРОДНИЦА - Продолжительность: 5 минут 43 секунды,/watch?v=0DUkcvf6W5Y
Куриная печеночная колбаса. Почти ливерная. Просто и очень вкусно! - Продолжительность: 7 минут 1 секунда,/watch?v=3LvCo5pg7YA
Салат с сыровяленой утиной грудкой. Перезалив - Продолжительность: 8 минут 48 секунд,/watch?v=aBYbEKpvhb0
ЗАВТРАК за 3 минуты из простых ингредиентов. На любой вкус - Продолжительность: 3 минуты 38 секунд,/watch?v=Our33N-rdvs
"Чёрт. Морской. А ля бискаин. Он же - RAPE (англ. ""насиловать"") - Продолжительность: 9 минут 1 секунда",/watch?v=9OHpGhYaCuw
Эчпочмак татарский. С картошкой и мясом. Перезалив. - Продолжительность: 10 минут,/watch?v=9vmifZlIR1c
ПЛОВ узбекский на живом огне с АЙВОЙ. Хайпанём? - Продолжительность: 15 минут,/watch?v=mno625vn-eU
НЕЖНЕЙШАЯ семга в маринаде - Продолжительность: 8 минут 11 секунд,/watch?v=ZCapVRm0TtA
МОЩНАЯ чесночно-перечная ПАСТРОМА по ГОСТ-18256 - Продолжительность: 7 минут 49 секунд,/watch?v=eiLwPK2ctKk
ГИННЕСС. Пирог с ПИВОМ. Умопомрачительно вкусно! - Продолжительность: 8 минут 33 секунды,/watch?v=jSDsrsweSJc
Сочники творожные - проще чем вы думаете! - Продолжительность: 6 минут 39 секунд,/watch?v=6EYnj6TsALY
Не очень быстрый завтрак - бокадийя с домашней чорризо - Продолжительность: 7 минут 58 секунд,/watch?v=wpYKvBnObqU
С новым годом!!! Приготовьте ТРИ ПРОСТЫХ закуски на новогодний стол! - Продолжительность: 7 минут 5 секунд,/watch?v=1KDT6knql6k
Новогодний рецепт - запеченная свинина в беконе с инжиром и грушами - Продолжительность: 10 минут,/watch?v=4WmNJEmCHb8
Может быть вместо селедки под шубой попробуете такой САЛАТ на новогодний стол? - Продолжительность: 4 минуты 46 секунд,/watch?v=KqY08SKt82I
"Вы прожили этот год зря, если не попробуете энчилады ПО-ВЗРОСЛОМУ!!! БОМБИЧЕСКИЙ РЕЦЕПТ!!! - Продолжительность: 10 минут",/watch?v=LB89IVQcFfY
Энчиладас - значит EN CHILADA - В ЧИЛИ СОУСЕ! - Продолжительность: 10 минут,/watch?v=eHFtwfc-aAY
"Не просто макарошки с сыром, а MAC&CHEESE - Продолжительность: 7 минут 22 секунды",/watch?v=0e0u1ZasnXo
Не совсем испанская кухня - buñuelos de bacalao con salsa agripicante - Продолжительность: 7 минут 5 секунд,/watch?v=3kZJvLz8msU
Готовим дома соус ткемали и свиные ребра. Рецепт - ЧУМА! - Продолжительность: 9 минут 12 секунд,/watch?v=culuvd1eNBQ
ОЧЕНЬ СТРАННЫЕ бутерброды - Продолжительность: 9 минут 35 секунд,/watch?v=OO2pDBa7bUQ
Борщ с уткой. ОЧЕНЬ! и конкурс - Продолжительность: 7 минут 12 секунд,/watch?v=OupD3IyG3NM
ЧЕСТНЫЕ камберлендские колбаски. НИКАКИХ КОМПРОМИССОВ! - Продолжительность: 7 минут 26 секунд,/watch?v=CL8QO4gJ0GA
Чем ЕЩЁ закусывать пиво? Испанский тапас - Продолжительность: 11 минут,/watch?v=ZyCERoa7ZPM
Шесть вариантов закусок к пивному столу! Испанские тапас - Продолжительность: 16 минут,/watch?v=bCZ49q0Mt6M
"Филе о фиш, как его видят французы - Продолжительность: 8 минут 41 секунда",/watch?v=rMC-Kid3ovY
Вниманию охотников и сочувствующих! Перепелки! - Продолжительность: 9 минут 56 секунд,/watch?v=Bclu6LcTkxY
Нет хлеба? Пусть едят бриоши! - Продолжительность: 10 минут,/watch?v=cHUEimxfVMI
Лангеты  (язычки) - Продолжительность: 7 минут 49 секунд,/watch?v=pTB7FfYYFKI
Отчего имам баялды? - Продолжительность: 8 минут 8 секунд,/watch?v=M0cNPqc5aXI
Самые вкусные расстегаи в истории! - Продолжительность: 18 минут,/watch?v=RcwuhwfjOAs
Канелони с мясным соусом и бешамелем - Продолжительность: 10 минут,/watch?v=SEfq1jTlMg0
Зачем везти в Испанию казы? - Продолжительность: 14 минут,/watch?v=CPL7uFra7P4
Что у латышей в горшочке? - Продолжительность: 7 минут 28 секунд,/watch?v=B3UdFVjOS_E
Медовик и СКИДКИ в 25% и конкурс!!! - Продолжительность: 13 минут,/watch?v=KEXPz8JKwDY
Что бы такого приготовить из индейки? - Продолжительность: 10 минут,/watch?v=FGrksL7lbwg
Заливной пирог со сливами и вкуснямбами - Продолжительность: 8 минут 51 секунда,/watch?v=Ub6b5Qecue4
"Щи богатые, томленые - Продолжительность: 7 минут 55 секунд",/watch?v=Vt2S0U3fWS8
Куриная лапша - Продолжительность: 6 минут 32 секунды,/watch?v=IpFFbDbkzNE
"Ирландское рагу ""по-богатому"" - Продолжительность: 6 минут 35 секунд",/watch?v=XXnMf03jHJ8
Губит людей не пиво. Варим white beer c Игорем - Продолжительность: 36 минут,/watch?v=liKOXItamp0
"А стоит ли вообще брать еду в ""доставках""? - Продолжительность: 10 минут",/watch?v=AeaOSNkroqA
Full english breakfast - Продолжительность: 8 минут 20 секунд,/watch?v=pBuPyysf_Rk
Суп пити. В горшочках - Продолжительность: 8 минут 21 секунда,/watch?v=EcIP7yW-WwU
Немецкие колбаски гриль с горчицей и кислой капустой - Продолжительность: 7 минут 30 секунд,/watch?v=XYot7aERHNU
Что едят/как празднуют испанцы San Juan - Продолжительность: 7 минут 20 секунд,/watch?v=v3vpGGHzqt0
Корзинки из фило на гриле - супер закуска вместо надоевших шашлыков - Продолжительность: 9 минут 41 секунда,/watch?v=Lf_W0_ahnLQ
Почти крабсбургер - Продолжительность: 7 минут 51 секунда,/watch?v=o5Tvl_eYMdg
Сулваки - греческие шашлыки - ЧЕТЫРЕ ВАРИАНТА - Продолжительность: 12 минут,/watch?v=wtKSMnyH1mE
Екатеринбургский горшочек - Продолжительность: 12 минут,/watch?v=4nfSos45ptE
Брауншвейгская по ЗЕВСу. Какая колбаса ВКУСНЕЙ? - Продолжительность: 14 минут,/watch?v=9I-blow06Xs
Брауншвейгская колбаса по ГОСТ 16131 своими руками - Продолжительность: 18 минут,/watch?v=bFHxuIrLgBw
Жаркое в горшочках - ОЧЕНЬ ПРОСТО - Продолжительность: 5 минут 51 секунда,/watch?v=FgPOAVc5Zmg
Долма с гранатовыми зернами - Продолжительность: 10 минут,/watch?v=ccdIPVcQPrA
Чанахи. Грузинская кухня - Продолжительность: 6 минут 21 секунда,/watch?v=xVFNCAhs6K0
Свинина на китайский манер - Продолжительность: 10 минут,/watch?v=wzlRssIxZ5U
Мармитако - что бы это значило? - Продолжительность: 9 минут 16 секунд,/watch?v=k6mwC5RZ_rg
Плов азербайджанский - откидной - Продолжительность: 14 минут,/watch?v=fGxCSQJMaLY
Омар или все таки лобстер? ОЧЕНЬ простой рецепт. Bogavante al horno con mantequilla - Продолжительность: 7 минут 40 секунд,/watch?v=w9ZsXbPk75c
Пшенично-ржаной хлеб - Продолжительность: 10 минут,/watch?v=hNxgc1ZGOTQ
Каша тихвинская совершенно чумовая! - Продолжительность: 5 минут 35 секунд,/watch?v=8E8NcBr2Klg
Рыба + картошка = мировая штука! - Продолжительность: 7 минут,/watch?v=f0RTnIpSWKQ
Мясо в пепле - Продолжительность: 8 минут 37 секунд,/watch?v=tzmN2mUNYM8
Паста с грибами и вялеными томатами - время приготовления - полгода + 10 минут - Продолжительность: 7 минут 35 секунд,/watch?v=LQwbbmNzw-Y
Буйабес - марсельская уха - Продолжительность: 14 минут,/watch?v=7qe_JaXwyKE
Шоколадные конфеты по мотивам рецепта бельгийского шефа - ЧУМА! - Продолжительность: 16 минут,/watch?v=LxqO-SAb_LY
Гриль + баранина = хот доги - Продолжительность: 12 минут,/watch?v=UipFSSwcLYA
"Пирог ""Прощай талия!"" - Продолжительность: 9 минут 50 секунд",/watch?v=PjKGRk0AyxA
Нажористый грибной супец БЕЗ САЛЬМОНЕЛЛЫ - Продолжительность: 9 минут 16 секунд,/watch?v=ceYkS51E8SE
ВКУСНЫЕ энергетические батончики. ПОЛЕЗНЫЕ - Продолжительность: 5 минут 52 секунды,/watch?v=s4zOA_JFgl4
Пицца на РЕАЛЬНО ТОЛСТОЙ лепешке - Продолжительность: 16 минут,/watch?v=-FcwTuJNhYA
"Достопримечательности Валенсии - что смотреть, где остановиться, куда поехать - Продолжительность: 14 минут",/watch?v=mJaJg-zIHnk
Окорок воронежский вареный. Смело рекомендую рецепт к повторению! - Продолжительность: 12 минут,/watch?v=V49dIi4CCvI
Коптильня ГОРЯЧЕГО и ХОЛОДНОГО копчения с регулятором температуры своими руками. - Продолжительность: 7 минут 39 секунд,/watch?v=fm6liwJuUUk
Пропал Калабуховский дом. Fresco замахнулся на святое! Корпусные конфеты. - Продолжительность: 20 минут,/watch?v=nNSDNQamBFQ
Охотничьи байки с колбасками - Продолжительность: 13 минут,/watch?v=r2vED9R5g6E
Сыровяленая салями милано - дома - Продолжительность: 26 минут,/watch?v=eeXQ8a_pYAc
Крафтовое пиво - дегустация с пивоваром - Продолжительность: 28 минут,/watch?v=drXMdmm0Q9A
Бутифарра - немного традиционной Испании - Продолжительность: 14 минут,/watch?v=38AKP2S7NAg
Говядина в апельсинах - Продолжительность: 11 минут,/watch?v=xfHg5TafaoE
"МЯСО, две железные палки и костёр = АРГЕНТИНСКОЕ АСАДО - Продолжительность: 11 минут",/watch?v=nDj2pOyA8Ho
"Картофельные драники и свиная вырезка с сырным соусом. Еда, для тех кто в теме! - Продолжительность: 10 минут",/watch?v=3IiQbkgMfa8
Стейки по методу reverse sear - СУПЕР результат БЕЗ СУВИДА - Продолжительность: 14 минут,/watch?v=R4DzI07GyNQ
Баранина с черносливом и миндалем. Практически десерт! - Продолжительность: 9 минут 12 секунд,/watch?v=s9P9t7EviKg
"Сардельки такие, как НАДО! - Продолжительность: 21 минута",/watch?v=enZNm31nYO8
Манты с рыбой. Вкусней чем с мясом!!! - Продолжительность: 12 минут,/watch?v=V5FLiG-C2PA
Пасхальная баба (почти кулич) с пропиткой. Неувядающая классика. - Продолжительность: 13 минут,/watch?v=ONnpuMTRPRg
"Игорь - ""Кухня Дель Норте"" - интервью - Продолжительность: 36 минут",/watch?v=ciQlDD_8ITc
Язык варено-копченый. Сувид - ВЕЩЬ! - Продолжительность: 13 минут,/watch?v=_yv_fR34WAY
Креветки в пальто - Gambas a la gabardina - Продолжительность: 13 минут,/watch?v=LQxGn8xI5So
Тефтели с грибным велюте. Из индейки - Продолжительность: 14 минут,/watch?v=5OOmhLWBndc
Мясной хлеб. Просто МЯСНОЙ ХЛЕБ - Продолжительность: 13 минут,/watch?v=R24IKFBSIgo
Чумовая рулька за час с четвертью! И соус. Для худеющих ) - Продолжительность: 14 минут,/watch?v=B7CKbysQLe8
СРОЧНОЕ объявление! только не напрягайтесь так )) Всё нормально! - Продолжительность: 28 секунд,/watch?v=vWmJ1gP8TIM
Свежий и состаренный стейк. Сравним? - Продолжительность: 16 минут,/watch?v=lpl5o3SHtS4
Утиная грудка и чумовой соус. Даже два соуса. - Продолжительность: 10 минут,/watch?v=eKnuHHZCBlE
Свинина в винно-медовом соусе - Продолжительность: 10 минут,/watch?v=CkYaGO1aHWo
Готовимся к 8 марта - ягодный мусс и зеркальный гляссаж - Продолжительность: 25 минут,/watch?v=vX4TygBZK3s
Что приготовить из куриной грудки? Рулет кордон блю! - Продолжительность: 12 минут,/watch?v=WMzNcCHhhQ4
Хала - ОЧЕНЬ вкусный хлеб. Надо готовить! - Продолжительность: 10 минут,/watch?v=TgBiEGVR1tI
Кардамон и печенье - созданы друг для друга - Продолжительность: 9 минут 24 секунды,/watch?v=-zHoZ1ME7-0
Ветчина из мраморной говядины? Да он с ума сошел! - Продолжительность: 15 минут,/watch?v=1Wmaju4MIhE
Чорризо сыровяленная ГОТОВА! Что с ней делать? - Продолжительность: 9 минут 33 секунды,/watch?v=akaVs8Dcaxg
Римские булочки на закваске - чириолы - Продолжительность: 12 минут,/watch?v=5jzhMiAYrv0
Фиш энд чипс - рыба в кляре и картошка во фритюре - Продолжительность: 10 минут,/watch?v=bxr5rkU6PJg
Чикен-карри от обыспанившихся англичан - Продолжительность: 13 минут,/watch?v=AdeYl1jRfX4
Чумовая чорризо fresco от Дмитрия Фреско - это просто! - Продолжительность: 17 минут,/watch?v=VBi0yMjWJKQ
Секреты иберийских свиней - secreto de cerdo - Продолжительность: 13 минут,/watch?v=z4d9T1JtAWE
Закуска - ураган! Крокеты. Для сохранения нервов уберите подальше весы! - Продолжительность: 17 минут,/watch?v=fqyjFqRVMBY
"Шахматная ветчина - Это фиаско, братан! - Продолжительность: 16 минут",/watch?v=-RHoHtl2oXw
Ни рыба - ни мясо! Кальмар. Фаршированный. - Продолжительность: 14 минут,/watch?v=jSK2agRbFC8
Курица с лимоном для тех у кого СЛИШКОМ довольная физиономия - Продолжительность: 10 минут,/watch?v=9veHL-loVJw
Монтадитос - бутерброды. - Продолжительность: 6 минут 32 секунды,/watch?v=cPewMb2EmLk
Какой чизкейк вкусней? ДВА рецепта - Продолжительность: 25 минут,/watch?v=nsDGssZre8s
Окорок тамбовский копчено-вареный. Эпичный рецепт. - Продолжительность: 31 минута,/watch?v=Rq2oTf2hUtw
С новым годом! - Продолжительность: 2 минуты 46 секунд,/watch?v=-sT3EOd0GUA
САМЫЙ настоящий оливье - Продолжительность: 16 минут,/watch?v=cINy84DyESU
Поросёнок. Но не Пятачок - Продолжительность: 13 минут,/watch?v=8IZ3IfFBrHM
Язык варено-копченый. Нарезка на новогодний стол - Продолжительность: 17 минут,/watch?v=n_fl8cWCsGQ
Кролик? Кролик! - Продолжительность: 11 минут,/watch?v=8Spsqyo6xRk
"Котлета на косточке, груши и ПИВНОЙ соус - Продолжительность: 11 минут",/watch?v=CBi5P4HZqvA
Вителло тонато – холодная закуска на праздничный стол - Продолжительность: 9 минут 54 секунды,/watch?v=Lcy84ySuRgQ
Куриные крылышки с острым соусом и не только - Продолжительность: 14 минут,/watch?v=7eLblqXf2i8
Пряная говядина. Ветчина в пряной обсыпке - Продолжительность: 11 минут,/watch?v=r0Qf2H3XbAw
Закуска к новогоднему столу. Баклажаны - Продолжительность: 9 минут 4 секунды,/watch?v=WWqCt4JfRa8
Овощной пирог с МЯСОМ! - Продолжительность: 11 минут,/watch?v=8yx-B_WmsTw
Чем кормят в тапас барах? - Продолжительность: 12 минут,/watch?v=iAnmjnowLWw
Мюнхенские колбаски. Белые. БЕЗ НИТРИТА НАТРИЯ - Продолжительность: 12 минут,/watch?v=CGtHgMoCKOc
Эстофадо из морского коктейля? Почему бы и нет! - Продолжительность: 12 минут,/watch?v=0ToUNTh36To
Porchetta - просто ШМАТ свинины. Большой шмат. - Продолжительность: 9 минут 53 секунды,/watch?v=pZD0KzuXKhI
РАССЫПЧАТЫЙ кекс и сливочный соус. Надо б(ж)рать! - Продолжительность: 13 минут,/watch?v=VqxT9_ndqUA
Котлеты рыбные с ПОДВЫПОДВЕРТОМ - Продолжительность: 10 минут,/watch?v=bAgKQKVYfTg
"Идеи для завтрака, обеда и ужина. Испанская тортилья. - Продолжительность: 10 минут",/watch?v=4UrDeX9Kj-I
Крем БРЮЛЕ - он же CREMA CATALANA - проще чем вы думаете! - Продолжительность: 7 минут 44 секунды,/watch?v=5Ul1xdK0Pxo
"Тест коптильни KOPTIL. Холодное копчение семги, трески и скумбрии. - Продолжительность: 27 минут",/watch?v=B_DtXdpn67g
Салаты из - Продолжительность: 18 минут,/watch?v=ifc_viNSsN8
BARQUITAS??? Дык это ж лодочки!!! Псевдомексика - Продолжительность: 10 минут,/watch?v=QATtnWpayZQ
НЕнастоящие спрингроллы и ТРИ соуса - Продолжительность: 10 минут,/watch?v=_lW0LYGWNvQ
"Тёплый салат с чорризо! Чё, правда?! - Продолжительность: 6 минут 36 секунд",/watch?v=RzdiQXewkEY
Фахитас или фахитос?! Давайте разбираться! - Продолжительность: 9 минут 47 секунд,/watch?v=C9_2ElYuijk
Миндальный торт. Испанский. Tarta de Santiago - Продолжительность: 8 минут 21 секунда,/watch?v=6CgerHCCZ8o
Надоела картошка? Добавь бешамель с креветками и получи зразы!!! - Продолжительность: 9 минут 6 секунд,/watch?v=GI4ZFdYv2Ok
Пончики берлинеры с джемом - прощай талия! - Продолжительность: 14 минут,/watch?v=gSngreasrqU
Arroz caldoso de marisco - рис и рыба - Продолжительность: 15 минут,/watch?v=IOiSJ3SZvBs
Объявление результатов конкурса! - Продолжительность: 3 минуты 49 секунд,/watch?v=YPNeJb1jcWk
"Всё, что вы хотели узнать про заточку ножей! Или не всё? - Продолжительность: 9 минут 27 секунд",/watch?v=FI5DvYjaLfM
Камбала в дровяной печи - или в духовке - Продолжительность: 8 минут 15 секунд,/watch?v=LoBe_VHfMm0
Осьминог на гриле - это НАДО ПРОБОВАТЬ! - Продолжительность: 11 минут,/watch?v=hB-a4Jx-hMg
Мерлуза (хек) с томатами и КОНКУРС!!! - Продолжительность: 9 минут 57 секунд,/watch?v=zKSowx4rsfk
Интервью с Володей. Как снять жилье в Испании ДЁШЕВО! - Продолжительность: 24 минуты,/watch?v=35fq1jOBWb4
Свиные рёбрышки на гриле - ОЧЕНЬ ТЕХНОЛОГИЧНЫЙ рецепт - Продолжительность: 12 минут,/watch?v=13Fcao5hIWQ
Песто россо и паста. Немного Италии в твоей тарелке - Продолжительность: 9 минут 18 секунд,/watch?v=zxT3KLFtj3c
ОЧЕНЬ ПРОСТОЙ сыровял - Продолжительность: 13 минут,/watch?v=G4gxf3QTpGI
Suquet de pescado – испанская классика из насильника - Продолжительность: 13 минут,/watch?v=14fwx1NPxjI
Сибас на гриле с классной начинкой - Продолжительность: 12 минут,/watch?v=Bb40s1bJIg0
"Люля-кебаб - Мясорубка, блендер или топорики? В чем суть? - Продолжительность: 23 минуты",/watch?v=DEn9q92ax9A
Очень быстрый завтрак. ТРИ варианта - Продолжительность: 14 минут,/watch?v=zeKL-2s-i98
Свинина на гриле ОЧЕНЬ сочная - Продолжительность: 19 минут,/watch?v=SzUvlOMBeUs
Паста с сардинами. Обед за 10 минут. Немного Испании - Продолжительность: 7 минут 55 секунд,/watch?v=GLgPPN_zABU
Курица гриль. А так ли нужен weber? - Продолжительность: 11 минут,/watch?v=JaU7_KsBwaA
Макароны с сосисками? НЕТ! Паста с кумберлендскими колбасками! - Продолжительность: 13 минут,/watch?v=XYHCU-yhOsc
Ананас на гриле - чума! - Продолжительность: 6 минут 1 секунда,/watch?v=k4JfLw8zrjs
Кекс аутентичный из Куманского халифата - Продолжительность: 11 минут,/watch?v=t-A5YbTtcrk
Tacos - ТРИ варианта. Мексиканская кухня - Продолжительность: 14 минут,/watch?v=i2cNPfDrw0s
Докторская колбаса в домашних условиях по ГОСТ 23670-79 - Продолжительность: 17 минут,/watch?v=cJhBvvlzm4k
Кесадилья с курицей на гриле. Мексиканская кухня - Продолжительность: 13 минут,/watch?v=vnPWXvJTZaE
Sandwich cubano в домашних условиях - Продолжительность: 12 минут,/watch?v=hTMW9JOzP_Y
Ответы на вопросы - Продолжительность: 1 час 5 минут,/watch?v=cAhJkTgh_78
Паэлья негра c ЧЁРТОМ и каракатицей. Классическая. - Продолжительность: 20 минут,/watch?v=6BLjfG6q1Es
Стейк оссобуко особым манеромЪ - Продолжительность: 11 минут,/watch?v=BX-x9Y43IYQ
Пирог с мясом с начинкой по ГОСТу - Продолжительность: 15 минут,/watch?v=CRP6WqHfop4
"Котлеты с ""секретом"" и соус с яблоками - Продолжительность: 11 минут",/watch?v=BtrhKXYjHh8
Испанская кухня. Sepia a la planca con salsa verde y salsa special - Продолжительность: 8 минут 32 секунды,/watch?v=a40Hqv-8ndA
Осьминог. Испанская классика - pulpo a la gallega - Продолжительность: 9 минут 20 секунд,/watch?v=ScjPv-4QvUg
Чечевичный суп с варено-копчёным беконом – Sopa de lentejas – мексиканская кухня - Продолжительность: 7 минут,/watch?v=p09F6WOy3iA
Чумовые свиные ребрышки в духовке. В острой глазури. - Продолжительность: 23 минуты,/watch?v=D161P002w18
Killer shrimps - Убийственные креветки гриль в чумовом маринаде - Продолжительность: 12 минут,/watch?v=R7-pYfLPbLo
Cиннабон cinnabon - чудовищно вкусные булочки с корицей - Продолжительность: 12 минут,/watch?v=kqe4TOlo8YI
Чиабатта в дровяной печи и в духовке -  в чём же разница? - Продолжительность: 18 минут,/watch?v=8Dp3bacnqnA
Гречневая каша со свиными рёбрышками и утиным конфи - деликатес! - Продолжительность: 6 минут 13 секунд,/watch?v=ILKguRw4C-I
Масло (паштет) из тунца и анчоуса на завтрак. ОЧЕНЬ классная штука. - Продолжительность: 2 минуты 59 секунд,/watch?v=mveK8iUh0lY
Корейка деликатесная варёно-копчёная. Сувид и дымогенератор. Sousvide - Продолжительность: 16 минут,/watch?v=SZKJKbLPSwk
Домашние куриные колбаски гриль с ultimate-соусом - Продолжительность: 18 минут,/watch?v=8A6E90NozCs
Хаш в Испании. Почти классический. - Продолжительность: 8 минут 50 секунд,/watch?v=W8cxSjwova0
Анчоусное масло с миндалём и лимоном на завтрак - Продолжительность: 5 минут 10 секунд,/watch?v=sSCmCe5kqts
"Бигос (бигус) богатый. С беконом, уткой, свиными рёбрышками и вином - Продолжительность: 9 минут 48 секунд",/watch?v=0wf9SJL9peA
Несладкий пирог за 20 минут. Начинка - Продолжительность: 8 минут 18 секунд,/watch?v=T9R8TGCDhZI
Паста в сливочном зелёном соусе с креветками - Продолжительность: 6 минут 5 секунд,/watch?v=CYvmew-osEI
Пищевые фобии. ГМО и мутации - Продолжительность: 8 минут 19 секунд,/watch?v=SYZGKX5-IeQ
Утиное конфи Тушёнка из утки/гуся/индейки/курицы - Продолжительность: 6 минут 8 секунд,/watch?v=xrkyy6FILd8
Sousvide - сувид. Отчёт об эксплуатации. Достоинства и недостатки. - Продолжительность: 12 минут,/watch?v=IEsgjHO08aA
Картофельные маффины с беконом и сыром - Продолжительность: 7 минут 30 секунд,/watch?v=phG8MnTttOo
Распаковка ножей  Samura KAIJU - Продолжительность: 6 минут 17 секунд,/watch?v=GK09GfLeT5g
Панчетта варено-копчёная. Сувид и вакууматор. Pancetta arrotolatta. Sousvide  ENG SUB - Продолжительность: 15 минут,/watch?v=HnnDmfCXhps
Омлет с лососем. Быстрый завтрак - Продолжительность: 10 минут,/watch?v=wRdDgI5TDnE
Начос и гуакамоле Мексика. Кухня Текс-Мекс Tex-Mex - Продолжительность: 11 минут,/watch?v=sw7TsXWsAo4
Слоёный пирог с яблоками за 20 минут! - Продолжительность: 4 минуты 56 секунд,/watch?v=YCI9MGeEVKk
Слоёный пирог с сыром за 20 минут! - Продолжительность: 4 минуты 52 секунды,/watch?v=LQ3a5f3fVqg
Самура. 100 дней эксплуатации. Отчёт - Продолжительность: 17 минут,/watch?v=f7KYdW2WY2E
Коппа/каппокола вяленая свиная шея - Продолжительность: 12 минут,/watch?v=VMofS3CBS0I
"Колбаса сыровяленая, быстро выброшенная. 2 кг - Продолжительность: 11 минут",/watch?v=ai4evhDkt9w
Рыбная солянка. Сборная. Богатая - Продолжительность: 10 минут,/watch?v=ojqDovcyav8
Ламбургер. Рубленная котлета из ягнёнка. Lamburger - Продолжительность: 9 минут 49 секунд,/watch?v=KAu5n0wjI9o
Бычий хвост с айвой - Продолжительность: 5 минут 29 секунд,/watch?v=DigI2nNTPac
Маковый пирог - Продолжительность: 7 минут 27 секунд,/watch?v=sdQCJ9mOrrs
Объявление победителей конкурса - Продолжительность: 15 минут,/watch?v=zQc3Fi5RR5w
Треска в беконе на праздничный стол - Продолжительность: 9 минут 13 секунд,/watch?v=2Id72YMiDXQ
Колбаски гриль баранина - Продолжительность: 10 минут,/watch?v=dLPZfmA8MGI
45 минут нудятины. САМЫЙ бесполезный выпуск про выбор ножа. - Продолжительность: 44 минуты,/watch?v=uEOhitVqYMI
Барбекю соус BBQ sauce - Продолжительность: 6 минут 52 секунды,/watch?v=ktdVRNmAmxA
Аранчини - Arancini de riso Сицилийская кухня - Продолжительность: 8 минут 31 секунда,/watch?v=HQRrnQWGQgQ
Интервью с Владимиром о недвижимости в Испании ч.2. - Продолжительность: 23 минуты,/watch?v=_vClrxo4xSM
Хреновуха. Возрастное ограничение 18+ - Продолжительность: 10 минут,/watch?v=aCd6l9GtpAY
Испанский куриный суп со свиными рёбрышками - sopa de pollo con fideos - Продолжительность: 6 минут 43 секунды,/watch?v=ptMItPvlq60
Штрудель с капустой - Продолжительность: 11 минут,/watch?v=HVce7GyFz8E
Интервью с Владимиром о недвижимости в Испании ч.1 - Продолжительность: 20 минут,/watch?v=BvsZHhf9xm8
Рыба в саркофаге из солёного теста - Продолжительность: 11 минут,/watch?v=s_2_beBQ4IQ
Десерт на праздничный стол за 10 минут - Продолжительность: 5 минут 55 секунд,/watch?v=3HZgKwHJ2AY
Самура распаковка - Продолжительность: 7 минут 12 секунд,/watch?v=f4-I1ImXgSo
Солянка капустная. НЕ СУП - Продолжительность: 5 минут 33 секунды,/watch?v=UsANdAeWPqQ
Встречаем 2017й - Кок-о-вэн Петух в вине Кухня Франции Coq au vin - Продолжительность: 10 минут,/watch?v=T1xFcO6XJP8
Горячая закуска на праздничный стол - фаршированные шампиньоны - Продолжительность: 5 минут 29 секунд,/watch?v=EDUB2JmEBwk
Куриные колбаски - сосиски и сувид sous-vide - Продолжительность: 11 минут,/watch?v=dFXAyAtTy3w
Hamburguesas verdes - Зелёные куриные котлеты с зелёным соусом Индейка - Продолжительность: 6 минут 34 секунды,/watch?v=vd4rQYZUzjE
Штрудель с грибами. Техника работы с вытяжным тестом - Продолжительность: 10 минут,/watch?v=ZxtypqE943g
"Sous vide меньше чем за 100 евро. Распаковка, Skills&Tools - Продолжительность: 5 минут",/watch?v=PWC3x4asr1s
Баранья лопатка с соусом из красного вина и мяты. ОЧЕНЬ ПРОСТО - Продолжительность: 7 минут 44 секунды,/watch?v=uggd4Xqpex4
Бёф бургиньон Говядина по бургундски - Продолжительность: 11 минут,/watch?v=EbullDb9f3I
Солянка сборная мясная - НЕ СМОТРИТЕ! - Продолжительность: 10 минут,/watch?v=fKnFkwWcLAA
Дрогобыческая колбаса варено-копченая - ШЕСТЬ вариантов - Продолжительность: 21 минута,/watch?v=5Zoli86E4sk
Камера для сыровяла своими руками Skills&Tools - Продолжительность: 3 минуты 22 секунды,/watch?v=hYPG0iXZUVo
Alubias estofadas con cerdo Испанская кухня Фасоль и рульки - Продолжительность: 8 минут 16 секунд,/watch?v=A0da5tqZQlU
Паста с овощами. 10мин. неРЕАЛЬНО вкусно - Продолжительность: 7 минут 21 секунда,/watch?v=hfZmdKrTjxY
Хлеб молочный десертный - в дровяной печи или в духовке? - Продолжительность: 14 минут,/watch?v=hy4vdSS2CEw
Дровяная печь или духовка? Хачапури по-аджарски - Продолжительность: 12 минут,/watch?v=eOu9wwBTIXk
Испанская паэлья с фрикадельками paella con albondigas - Продолжительность: 12 минут,/watch?v=8prK6FdooUU
Бэрэнге тэкэсе - татарские пирожки с картошкой - Продолжительность: 7 минут 5 секунд,/watch?v=P1U8UqnU8y8
Штрудель яблочный и карамельный соус. Техника работы с вытяжным тестом - Продолжительность: 14 минут,/watch?v=ZJMBqmRgfRc
Шурпа - Продолжительность: 10 минут,/watch?v=UCSzKp6E8vI
Домашние тулузские колбаски в винном соусе. В КЛАССНОМ винном соусе - Продолжительность: 7 минут 35 секунд,/watch?v=8VRJYvjxEjk
Суп харчо. Из баранины. Классический - Продолжительность: 8 минут 48 секунд,/watch?v=e6MWSkEsZzU
Мясной хлеб на гриле - альтернатива шашлыку - Продолжительность: 9 минут 31 секунда,/watch?v=E1RrwYNW2yU
"О Лазерсоне, мотоциклах и вине. Ответы на вопросы. Выпуск 8 - Продолжительность: 12 минут",/watch?v=-nF7k8tGBMU
Быстрый завтрак на гриле - Продолжительность: 2 минуты 17 секунд,/watch?v=qVO2Ymr96M4
Колбаски для жарки. Французская кухня. Тулуза - Продолжительность: 17 минут,/watch?v=XtSsM3TdkIA
Как переехать жить в Испанию. Ответы на вопросы. Выпуск 7 - Продолжительность: 18 минут,/watch?v=1LfMP3yCSlk
Кассуле (Le Cassoulet) - жемчужина французской кухни! - Продолжительность: 14 минут,/watch?v=wJf1buVBpFc
Профитроли с нежнейшим паштетом из куриной печени - Продолжительность: 10 минут,/watch?v=FWuuwsidBzc
Ответы на вопросы. Выпуск 6 - Продолжительность: 16 минут,/watch?v=S-WfM22OVJQ
Пищевые фобии. Красное мясо вызывает РАК! - Продолжительность: 12 минут,/watch?v=ajFRW3l9a3o
Курица с макаронами и овощами Испанская кухня Фидеос кон пойо - Продолжительность: 8 минут 55 секунд,/watch?v=PXIMFfmXA_Q
Колбаса краковская ВЕЛИКОЛЕПНАЯ по мотивам ГОСТ 16351 - Продолжительность: 23 минуты,/watch?v=aNcR4WCbkcg
Перец фаршированный на зиму - Продолжительность: 6 минут,/watch?v=dkjFSnmKxiM
Ответы на вопросы. Выпуск 5 - Продолжительность: 9 минут 22 секунды,/watch?v=xMCD_dRd_WI
Паста с морепродуктами Испанская кухня Fideos con mariscos - Продолжительность: 10 минут,/watch?v=fbI_mLU16R8
Ответы на вопросы. Выпуск 4 - Продолжительность: 7 минут 44 секунды,/watch?v=DY3biRxUZ_4
Торт желе цацка-цицка - Продолжительность: 7 минут 16 секунд,/watch?v=HH-IMSW1Qlw
Горчичный хлеб и молочный хлеб без хлебопечки - Продолжительность: 17 минут,/watch?v=WLh_ALlHXjY
Ответы на вопросы. Выпуск 3 - Продолжительность: 9 минут 33 секунды,/watch?v=4XHpGWaIks0
"Пищевые фобии. Нитраты, сальмонеллёз, паразиты - Продолжительность: 8 минут 16 секунд",/watch?v=UxN5S0udjmI
"Паэлья с морепродуктами. Осьминог, каракатица и креветки - Продолжительность: 15 минут",/watch?v=IP_DDbUg7aY
Задавайте вопросы! - Продолжительность: 39 секунд,/watch?v=c9cPsNwhfd4
Соус ромеско с треской и запеченым луком пореем - Продолжительность: 8 минут 58 секунд,/watch?v=TNeFfaxyHvE
Кыстыбый. Татарская кухня - Продолжительность: 9 минут 38 секунд,/watch?v=uNy-N27p6_0
Кальмары в томатно-винном соусе. Испанская кухня. - Продолжительность: 6 минут 57 секунд,/watch?v=k7byty2jAIE
Говяжьи ребрышки в гриле ВЕЛИКОЛЕПНЫЕ - Продолжительность: 7 минут 35 секунд,/watch?v=ODWoj2eSc1Y
Печенье бискотти с орехами и сухофруктами. Италия - Продолжительность: 7 минут 47 секунд,/watch?v=ySJkuzm8Ww4
Оладьи. САМЫЕ вкусные. - Продолжительность: 8 минут 40 секунд,/watch?v=0nY-jBFdn-Y
Картошка в духовке с беконом и сыром нарядная - Продолжительность: 6 минут 37 секунд,/watch?v=wQRbnynyqBo
Паста в сливочном соусе с креветками - Продолжительность: 6 минут 22 секунды,/watch?v=pOXSVLLPsEU
Тефтели греческие - Кефтедес - Продолжительность: 10 минут,/watch?v=KFbseR76caw
Креветочный биск - концентрат бульона из панцирей креветок - Продолжительность: 6 минут 13 секунд,/watch?v=dBZXLN0wwtk
Креветки в остром чесночном масле - соус пильпиль. Испанская кухня - Продолжительность: 8 минут 22 секунды,/watch?v=6vjm3PYIiFg
Запеканка из баклажанов - Меланзана алла пармиджана - Продолжительность: 6 минут 37 секунд,/watch?v=R0O5hS0cBaA
Утиная грудка и соус камберленд - Продолжительность: 10 минут,/watch?v=uJ1ueIorvM8
Домашняя ветчина - никакой сои! Homemade ham - no soy! ENG SUB - Продолжительность: 15 минут,/watch?v=B0dMcZqYIqw
Греческий салат и фотоконкурс - Продолжительность: 16 минут,/watch?v=SAfVVMHogOc
Запеканка из макарон с курицей под соусом бешамель - Продолжительность: 10 минут,/watch?v=sUr2eV9BPAM
Свинина на гриле low and slow weber smokey mountain cooker Ver 2.0 - Продолжительность: 12 минут,/watch?v=xVoWjwcQqp0
Курица и свиные ребра в weber smokey mountain cooker Ver 1.0 - Продолжительность: 10 минут,/watch?v=lBe7WnCh_Oc
Бараньи ребрышки с луком. Потрясающий результат без труда! - Продолжительность: 7 минут 1 секунда,/watch?v=U88VAYVmKe4
Коктейль из киви и мяты - Продолжительность: 2 минуты 34 секунды,/watch?v=qALwlXdWUV8
Колбаса в домашних условиях по мотивам сервелата. Версия 2.0 - Продолжительность: 25 минут,/watch?v=EZ9afPbk26A
Демиглас НЕ классический. Из курицы. Demi-glace - Продолжительность: 15 минут,/watch?v=aE9FChwWkc4
Колбаса в домашних условиях по мотивам сервелата - Продолжительность: 25 минут,/watch?v=D0VGg8QrIOI
Самый бесполезный выпуск. Какие пряности я использую. Рубрика Skills&Tools - Продолжительность: 14 минут,/watch?v=1iQh77hh9T8
Бекон сырокопченый с виски Raw smoked bacon with whiskey ENG SUB - Продолжительность: 21 минута,/watch?v=MITp1fdMGa8
Тефтели с начинкой в томатном соусе - Продолжительность: 8 минут 58 секунд,/watch?v=VdhezGuFJ0I
Куриный рулет в коллагене. Фантастически просто и вкусно. - Продолжительность: 30 минут,/watch?v=3bm-4C8VWp4
Лосось холодного копчения Скумбрия Деликатесы своими руками - Продолжительность: 22 минуты,/watch?v=hEictFD8e3Q
Испанская паэлья. С курицей и свиными ребрышками - Продолжительность: 40 минут,/watch?v=til3GDAajS4
Пирожки и рулеты дрожжевые в духовке - Продолжительность: 37 минут,/watch?v=CCqVZVpeF08
Классический соус песто и постная паста с базиликом - Продолжительность: 8 минут 41 секунда,/watch?v=mREAg4lp3sc
Разделочные доски - какую выбрать. Рубрика Skills&Tools - Продолжительность: 8 минут 57 секунд,/watch?v=RY2GLMqWzQo
"Ответ на видео Славного Друже - ""Зачем люди пишут гадости в интернете?"" - Продолжительность: 11 минут",/watch?v=MTajqNf5kzQ
Щи из квашеной капусты с белыми грибами - Продолжительность: 9 минут 14 секунд,/watch?v=BNmNJTZnMLc
Супер быстрая выпечка из слоеного теста - Продолжительность: 7 минут 32 секунды,/watch?v=sLLqaf-EW3U
Рассольник с куриными потрошками - Продолжительность: 9 минут 9 секунд,/watch?v=3FBC3HG44PE
Как выбрать ПРАВИЛЬНУЮ кастрюлю из нержавейки - Продолжительность: 11 минут,/watch?v=kzzAOzNqGeQ
Постная гречневая каша с сухими белыми Нереально вкусно! - Продолжительность: 8 минут 16 секунд,/watch?v=T3GIiGgpPCU
Прогулки на Costa blanca и как выбирать хамон - Продолжительность: 44 минуты,/watch?v=OfHUVgqBgCs
Skills and Tools Работа над ошибками курица c 40 зубчиками чеснока - Продолжительность: 8 минут 9 секунд,/watch?v=_avHakc73u8
Сarrillada de cerdo - свиные щёки. В соусе демиглас. - Продолжительность: 8 минут 41 секунда,/watch?v=u8iBdO0BWnI
Духовка Режим конвекции - как правильно - Продолжительность: 8 минут 19 секунд,/watch?v=_qcZfCP_RWk
Гречневая каша с потрошками НЕРЕАЛЬНО вкусно! - Продолжительность: 8 минут 30 секунд,/watch?v=Mfg3Az-8Dpg
Говяжьи ребрышки в винном соусе - Продолжительность: 9 минут 50 секунд,/watch?v=hc9t8fFZT-c
Бекон варенокопченый в домашних условиях. Сухая засолка - Продолжительность: 17 минут,/watch?v=SwsXEN0uF9U
Говядина в соусе велюте с грибами - Продолжительность: 9 минут 30 секунд,/watch?v=_4ZZ4RJ3zR0
Куриный рулет и горчичный соус - Продолжительность: 12 минут,/watch?v=BNTnDTBHE7M
Домашний майонез. 3 минуты. Работа над ошибками. - Продолжительность: 25 минут,/watch?v=y1YaoIdE-II
Курица запеченая в духовке с 40 зубчиками чеснока - Продолжительность: 10 минут,/watch?v=5QiuW4Fgbac
Овощи - гриль по-испански: Эскаливада/escalivada - Продолжительность: 7 минут 26 секунд,/watch?v=4uS89BOGClI
Тандыр. Курятина и баранина. Маринад. - Продолжительность: 16 минут,/watch?v=LchIXnWa1f8
Шаурма домашняя турецко-испанская - Продолжительность: 11 минут,/watch?v=bNuZf6CtMY0
Быстрые закуски к пиву - тапасы с ДельНорте - Продолжительность: 11 минут,/watch?v=ZvdKk_F3hCA
Где недорого поесть в Испании Lizarran - Продолжительность: 10 минут,/watch?v=3LOIO_H8QOc
Где недорого поесть в Испании Wok Buffet - Продолжительность: 7 минут 14 секунд,/watch?v=rd9u3pOceOQ
Тушеная картошка с мясом в духовке - Продолжительность: 6 минут 11 секунд,/watch?v=iG-B-MJlACU
стейк оссобуко osso buсo по ИСПАНСКИ говяжья голяшка - Продолжительность: 8 минут 11 секунд,/watch?v=2AS_G6Ye_zw
Мидии а ля маринера Немного Испании mejillones a la marinera - Продолжительность: 5 минут 11 секунд,/watch?v=ixlk72G5ZLY
Как вкусно приготовить камбалу - Продолжительность: 8 минут 7 секунд,/watch?v=DbxZ459al3s
Теплый салат. ДЕЙСТВИТЕЛЬНО ВКУСНЫЙ теплый салат. - Продолжительность: 5 минут 48 секунд,/watch?v=y7SPP6V9v5U
Тирамису Настоящий Это очень просто и очень вкусно - Продолжительность: 6 минут 32 секунды,/watch?v=RZjGZm8aCF8
Бычьи хвосты с медленными углеводами - для безуспешно худеющих ) - Продолжительность: 7 минут 8 секунд,/watch?v=-SCOwRd5IlY
Как приготовить бисквитное печенье савоярди - дамские пальчики - Продолжительность: 7 минут 6 секунд,/watch?v=iwb4vDt-AT4
Утка в яблоках с апельсиновым соусом на новогодний стол - Продолжительность: 7 минут 12 секунд,/watch?v=Rk0UMEgscQg
Беляши с мясом - перемячи обалденные Татарская кухня - Продолжительность: 11 минут,/watch?v=mVfNCHhyyoQ
Испанский завтрак - бокадийос и тостадас - bocadillos y tostadas - Продолжительность: 7 минут 39 секунд,/watch?v=ZUpvnN5z3WQ
Свиная вырезка с яблоками и черносливом - Испанская соломийо де сердо - Продолжительность: 11 минут,/watch?v=__uz7QRoTJE
"Жульен (жюльен) из шампиньонов. С курицей, с ветчиной. ВСЕ подробности - Продолжительность: 9 минут 53 секунды",/watch?v=171VrQUVqG0
Настоящий венгерский гуляш. Идеальный гуляш. - Продолжительность: 14 минут,/watch?v=wf6abH6sJx0
Дымогенератор для горячего и холодного копчения. Рубрика Skills&Tools - Продолжительность: 5 минут 32 секунды,/watch?v=lrMcutT1r3g
Шакшука - быстрый завтрак и не только - Продолжительность: 10 минут,/watch?v=JJD8WfmhFrI
Кухонный комбайн Kenwood Major Titanium KMM 020. Обзор. Достоинства и недостатки - Продолжительность: 19 минут,/watch?v=U5PEKecnrCc
Пицца в домашних условиях. Правильная пицца. Кальцоне - Продолжительность: 12 минут,/watch?v=uNRft_4M9Rg
Колбасный шприц для дома. Обзор. Достоинства и недостатки. - Продолжительность: 7 минут 3 секунды,/watch?v=dhqpaeNH3Jo
Свинья в апельсинах – свинина в духовке на праздник в соево-апельсиновом маринаде - Продолжительность: 11 минут,/watch?v=_DwHyr_aZ1w
Как выбирать оливковое масло Extra virgin Olive Oil - Продолжительность: 5 минут 8 секунд,/watch?v=9iqawe3wUFo
"Заварные пирожные профитроли (тесто для профитролей, эклеров) и заварной крем - Продолжительность: 12 минут",/watch?v=gjfMNPRg3sM
Сардельки домашние сливочные по мотивам ГОСТ 23670 - Продолжительность: 21 минута,/watch?v=NoJR_3qj7P4
Курица Отличное соте из курицы с необычным гарниром - Продолжительность: 8 минут 19 секунд,/watch?v=xwrHcuVuzRk
Хрустящие домашние чебуреки – возмутительно вкусные - Продолжительность: 9 минут 41 секунда,/watch?v=LwxyCX52MtQ
Свиная рулька идеальная (вепрево колено) в пиве - Продолжительность: 9 минут 57 секунд,/watch?v=EjFeLBzAiME
Рыба на пару (на подушке из овощей) с чумовым соусом БЕЗ МУЛЬТИВАРКИ! ))) - Продолжительность: 7 минут 42 секунды,/watch?v=qqEVYgEiInA
"Жаркое в горшочке, или ирландское рагу, или испанское асадо - чем схожи эти блюда? - Продолжительность: 15 минут",/watch?v=tf9aoetigTw
Как мы это делаем. Выпуск 3. - Продолжительность: 4 минуты 21 секунда,/watch?v=uXVzxgj-orQ
МЕГАвкусные воздушные пампушки с чесноком к украинскому борщу - Продолжительность: 13 минут,/watch?v=ovGEMPAeX4o
"Куриный рулет дома - просто, быстро и очень вкусно! - Продолжительность: 14 минут",/watch?v=slwp799drA4
"Итальянская паста арабиата, арабьята на радость вегетарианцам - томаты, острый перец, масло - Продолжительность: 8 минут 16 секунд",/watch?v=jRmrBFyX2-M
Анонс битвы! - Продолжительность: 80 секунд,/watch?v=_aPlUNUdtVc
"Ломаете голову, что приготовить на ужин? На обед? Смотрите! - Продолжительность: 10 минут",/watch?v=CszfBNmRcwY
Классический швейцарский рулет за 15 минут - Продолжительность: 8 минут 41 секунда,/watch?v=rQHR7a74gRo
Великолепнейший соус за 10 минут для десертов и овощных салатов - Продолжительность: 5 минут 44 секунды,/watch?v=j8t4QPoIwe8
Копченые свиные ребрышки в домашних условиях - это просто! - Продолжительность: 10 минут,/watch?v=wW1h4xeUVbk
"Очень быстрая выпечка! Овсянка, СЭР! - Продолжительность: 5 минут 43 секунды",/watch?v=1eAhlhurvnM
Азу по-татарски. Но не просто азу - а великолепное АЗУ! - Продолжительность: 11 минут,/watch?v=b_1nZF3ZP-w
Супербыстрая выпечка без проблем! - Продолжительность: 8 минут 5 секунд,/watch?v=1i4jAxcDlag
Великолепные ребрышки Гриль - Продолжительность: 15 минут,/watch?v=abRwUSXrwB4
Результаты конкурса - Продолжительность: 4 минуты 55 секунд,/watch?v=kWmxluf1R5Y
Работанадошибками Ответы - Продолжительность: 27 минут,/watch?v=5siA7c9XI-w
Крылышки баффало. Простой и быстрый рецепт + сырный соус - Продолжительность: 9 минут 11 секунд,/watch?v=3PIiNatUmf4
Отличная выпечка без духовки - Продолжительность: 8 минут 44 секунды,/watch?v=XI6tZl7sjvU
"Крамбл на углях, десерты на барбекю BBQ - Продолжительность: 11 минут",/watch?v=YGc5yHIF17M
Конкурс - Продолжительность: 5 минут 37 секунд,/watch?v=Ybzk3UF6ulo
Работа над ошибками - Продолжительность: 5 минут 39 секунд,/watch?v=emYYL8KjINk
Идеальная буженина. Свинина в духовке на праздник - Продолжительность: 25 минут,/watch?v=-C2t_PCbis4
Мидии в вине – очень простой и быстрый рецепт - Продолжительность: 7 минут 39 секунд,/watch?v=6O52E3tBka4
Кролик в белом вине с грибами и картофелем - Продолжительность: 6 минут 5 секунд,/watch?v=sKiqJG81V_k
"Крем суп - фасоль, сливки, морепродукты и розмарин. ОН ОФИГЕНЕН! - Продолжительность: 12 минут",/watch?v=vnc01K417Bw
Великолепный лагман узбекская кухня - Продолжительность: 8 минут 29 секунд,/watch?v=eLfCkEh84zY
Как приготовить вяленые помидоры tomate seco сушеные помидоры на зиму - Продолжительность: 8 минут 14 секунд,/watch?v=DUFYgDV7WdQ
Как сделать лапшу для лагмана - Продолжительность: 14 минут,/watch?v=D_3PcJp0El8
Паста Карбонара alla carbonara БЕЗ СЛИВОК ПРОСТО И ВКУСНО - Продолжительность: 5 минут 14 секунд,/watch?v=GcY-KMPdaRA
"Как приготовить бастурму дома - простой и легкий рецепт Բաստուրմա, Basdırma, Pastırma Пасторма - Продолжительность: 10 минут",/watch?v=KCa-v-VbxyY
Сыровяленая утиная грудка - мясные деликатесы в домашних условиях - Продолжительность: 7 минут 18 секунд,/watch?v=khgCZZW5r2Q
Дамлама - очень простое и вкусное узбекское блюдо - мясо тушеное с овощами (казахские вариации) - Продолжительность: 10 минут,/watch?v=0m-st2GToS4
Ответы на вопросы. Выпуск 2 - Продолжительность: 41 минута,/watch?v=CBa08_I2LgQ
Ризотто с грибами и не только с грибами - Продолжительность: 12 минут,/watch?v=UeMmAruOam4
Рыба в белом вине Супер быстрый ОЧЕНЬ простой ИЗЫСКАННЫЙ рецепт рыбы - Продолжительность: 6 минут 58 секунд,/watch?v=lExN3FdIvw8
"Сладкий пирог Рецепт идеального пирога, идеального теста для пирогов, секреты сладкой выпечки - Продолжительность: 12 минут",/watch?v=TlfcKzLqRQ4
"Айоли - alioli (исп.)  all-i-oli (фр) - чесночный средиземноморский ""майонез"" - Продолжительность: 6 минут 36 секунд",/watch?v=EwjvE3NhhLk
Рецепт идеального хлеба в духовке Формовой белый хлеб Домашний хлеб. Тесто для выпечки хлеба (bread) - Продолжительность: 12 минут,/watch?v=q44St5u-w5U
Салаты. Соус винегрет. Рецепт великолепных средиземноморских салатов - Продолжительность: 14 минут,/watch?v=TLF3Flp9Qs4
"Маринад для шашлыка из курицы, быстрый рецепт и для духовки и для мангала - Продолжительность: 20 минут",/watch?v=DHZNdvArOSs
Как приготовить майонез домашний - классический провансаль - Продолжительность: 10 минут,/watch?v=Dulo56S6PP0
"Копчение мяса. Шейка горячего копчения, бекон холодного копчения - Продолжительность: 20 минут",/watch?v=pvBtEOl4zh8
"Гаспачо (холодный томатный суп) - испанская ""окрошка"". Классический рецепт постного супа - Продолжительность: 10 минут",/watch?v=ETDhO4VUH88
Как приготовить паштет из куриной печени под яблочным желе на праздничный стол. - Продолжительность: 12 минут,/watch?v=7yXqxHXbNeg
Как приготовить пасту с морепродуктами спагетти вонголе spagetti vongole Простой Обалденный Рецепт - Продолжительность: 13 минут,/watch?v=F2j2LndF4MA
Как приготовить идеальную баранину в духовке  с потрясающим красным соусом. Техника slow cook - Продолжительность: 15 минут,/watch?v=UprLHsvawEE
Как приготовить классическую лазанью с соусом болоньез и бешамель. САМЫЙ КЛАССНЫЙ РЕЦЕПТ! - Продолжительность: 5 минут 10 секунд,/watch?v=f5zPb8T1tuE
"Спагетти болоньезе, важные секреты! Думаете что знаете какое мясо взять для фарша? Ошибаетесь! - Продолжительность: 9 минут 38 секунд",/watch?v=kRCa1mnAb4M
Ответы на вопросы. Выпуск 1 - Продолжительность: 31 минута,/watch?v=J-UHuYmynDo
Как приготовить концентрированный красный бульон - демиглас - demiglace - Продолжительность: 11 минут,/watch?v=K5ek-7b4HhM
"Как сделать пасту с сырным соусом, простой и быстрый рецепт обеда за 8 минут - Продолжительность: 8 минут 59 секунд",/watch?v=VZRDeWxwuew
Как приготовить грибной крем суп Суп пюре из шампиньонов Обжарка шампиньонов для усиления вкуса - Продолжительность: 11 минут,/watch?v=3cMCpmZEj4E
Как приготовить курицу в духовке - рецепт идеальной курицы по мотивам Джуди Роджерс - Продолжительность: 9 минут 49 секунд,/watch?v=52s9wMqBKmw
"Как приготовить стейк с классическим перечным соусом. Рибай, толстый край - Продолжительность: 12 минут",/watch?v=Vyp7u_AxnMo
"Как приготовить овощной плов, рецепт риса с овощами для вегетарианцев и сочувствующих - Продолжительность: 4 минуты 46 секунд",/watch?v=rnLSi1_bXjg
"Деликатесное холодное копчение рыбы и мяса. Скумбрия, свиная вырезка - копчение холодным дымом - Продолжительность: 26 минут",/watch?v=_9ZEmRopdSM
"Как приготовить мясные котлеты без мяса. Вкусный завтрак за 10 минут. Овсянка, сэр! - Продолжительность: 8 минут 3 секунды",/watch?v=mib2L7ncNRY
Ломаете голову - что приготовить из фарша? Тефтели в потрясающем соусе из овощей! - Продолжительность: 10 минут,/watch?v=mrZSiJ_lhUw
Как мы ЭТО делаем. Выпуск 2 - Продолжительность: 118 секунд,/watch?v=E30QKbnziOQ
Готовим хинкали! Грузинская кухня. Видеорецепт. Просто быстро вкусно - Продолжительность: 11 минут,/watch?v=2GyeK9tB7CM
"Как приготовить пасту с грибами в сливочном соусе, очень простой рецепт - Продолжительность: 12 минут",/watch?v=JZRKxXuTLB0
Борщ – пошаговый рецепт приготовления самого вкусного украинского борща со свеклой - Продолжительность: 8 минут 58 секунд,/watch?v=JsGxqQV5mPI
"Анбоксинг дымогенератора для холодного копчения, рубрика Skills&Tools - Продолжительность: 6 минут 32 секунды",/watch?v=yW-YfvHEnwg
Колбаса в домашних условиях САМЫЙ лучший рецепт домашней колбасы из свинины - Продолжительность: 10 минут,/watch?v=-TuJd3SlLR8
Как приготовить сливочный соус для пасты с лососем (семгой) обед за десять минут - Продолжительность: 5 минут 37 секунд,/watch?v=7CDJIyGJIu4
"Как приготовить красную рыбу на углях, лосось по-фински на доске без мангала. Лоймулохи - Loimulohi - Продолжительность: 6 минут 42 секунды",/watch?v=VATzucnh4Wk
Разделка рыбы. Разделка семги на филе. Филирование рыбы. Рубрика Skills&Tools - Продолжительность: 4 минуты 5 секунд,/watch?v=3_IkZpmOKYA
"Как приготовить куриный суп с клёцками - обалденный рецепт, клёцки с чесноком и зеленью - Продолжительность: 7 минут 27 секунд",/watch?v=K5I35UL-JUM
"Как приготовить курицу по-французски, poulet casserole, цыплёнок в кастрюльке в соусе - Продолжительность: 7 минут 8 секунд",/watch?v=UA1Cc9jkJbg
"Как приготовить супербыстрые кексы к завтраку – маффины за 15 минут, с лимонной цедрой и клюквой - Продолжительность: 6 минут 33 секунды",/watch?v=-Q2u0jq6jHo
"Как быстро порезать лук, виды нарезки лука, knife skills, рубрика Skills&tools - Продолжительность: 4 минуты",/watch?v=Dk5DBujd53Y
"Как приготовить вкусные булочки для бургера, рецепт потрясного хлеба в дровяной печи или духовке - Продолжительность: 7 минут 27 секунд",/watch?v=ij_WVi9hj-U
Как быстро почистить лук - рубрика skills&tools - Продолжительность: 2 минуты 28 секунд,/watch?v=20cN2eGrDbw
"Как приготовить потрясающую вкусную кулебяку с рыбой, простой рецепт русской кухни - Продолжительность: 10 минут",/watch?v=EVm18Ol0L0o
"Как приготовить яйца бенедикт под соусом оландез голландский соус - быстрый завтрак, пашот - Продолжительность: 4 минуты 36 секунд",/watch?v=dNJuUQmTJc4
Полезный (медленные углеводы) потрясающий острый фасолевый суп с беконом по мексиканским мотивам - Продолжительность: 4 минуты 45 секунд,/watch?v=lkkjcIozzDg
Как мы делаем ЭТО. Бэкстэйдж со съемки роликов канала COOLинарная PROпаганда - Продолжительность: 2 минуты 37 секунд,/watch?v=mvnYWyM4kmg
Каталог видеороликов. Страница 4. Канал COOLинарная PROпаганда» - Продолжительность: 31 секунда,/watch?v=3wQC_ndVD7E
Каталог видеороликов. Страница 3. Канал COOLинарная PROпаганда - Продолжительность: 31 секунда,/watch?v=PqzURMF4B0A
Каталог видеороликов. Страница 2. Канал COOLинарная PROпаганда - Продолжительность: 31 секунда,/watch?v=4YXXpdZmHl8
Каталог видеороликов. Страница 1. Канал COOLинарная PROпаганда - Продолжительность: 31 секунда,/watch?v=QcT9xUb4WkM
"Как приготовить груши в вине простой и быстрый рецепт десерта, pears with red wine - Продолжительность: 4 минуты 36 секунд",/watch?v=WwFIEtyQA8M
"Как приготовить сhili con carne, чили кон карне, мексиканская кухня, медленные углеводы - Продолжительность: 7 минут 14 секунд",/watch?v=C5xd2LLp8XQ
"Как приготовить аутентичный зур бэлиш, татарский пирог с мясом и картошкой - татарская кухня, балиш - Продолжительность: 8 минут 35 секунд",/watch?v=0gzauoBgyao
"Краткий обзор точильных камней, IKEA, спайдерко триангл, Spyderco Triangle Sharpmaker - Продолжительность: 4 минуты 45 секунд",/watch?v=3yp9MayQGAQ
"Как приготовить чахохбили из курицы, рецепт простого блюда из курицы, грузинская кухня - Продолжительность: 5 минут 51 секунда",/watch?v=bBMT26H8SVA
"Чикен МакНаггетс? Лучше! Простой рецепт куриных нагетсов, испанская закуска к пиву - tapas - Продолжительность: 4 минуты 8 секунд",/watch?v=kOih8WR8Q7s
"Как приготовить испанскую тортилью с картошкой, простой рецепт, tortilla de patatas - Продолжительность: 6 минут 22 секунды",/watch?v=TXXYlgOZOng
Как приготовить бефстроганов из говядины рецепт блюда из мяса patatas bravas - Продолжительность: 7 минут 22 секунды,/watch?v=8sF4A68_f-k
"Restaurante japones Fujiyama, Denia, Alicante, Espana - Продолжительность: 2 минуты 9 секунд",/watch?v=DRsvdgFJUGs
"Как приготовить яблочный десерт за 20 минут из слоеного теста рецепт быстрой  выпечки, штрудель - Продолжительность: 6 минут 15 секунд",/watch?v=4K-U1ge5Yjo
BackStage FUJIyama - Продолжительность: 70 секунд,/watch?v=REypQa1yexg
"Как приготовить яблочный крамбл, apple crumble, простой и быстрый десерт, рецепт - Продолжительность: 4 минуты 54 секунды",/watch?v=wnxuzMrYO9k
"Три важных момента при выборе шеф-ножа европейского типа, как выбрать кухонный нож - Продолжительность: 4 минуты 2 секунды",/watch?v=1XSlhAw1ztk
"Как приготовить свиной рулет, как вкусно приготовить вторые блюда, новогодние рецепты - Продолжительность: 7 минут 35 секунд",/watch?v=oZmjwvoPjBI
Приветствие подписчикам - Продолжительность: 60 секунд,/watch?v=Ohi0JJz89o0
"Как приготовить бешамель, картофельная запеканка с рыбой, bechamel sauce - Продолжительность: 6 минут 8 секунд",/watch?v=Fz-39hPXwas
"Как приготовить мясной рулет, блюда из мяса, рецепты вторых блюд, мясные рулеты, мясной хлеб - Продолжительность: 4 минуты 28 секунд",/watch?v=ohCRFJLUwr4
"Как приготовить бараньи голяшки с полезной чечевицей(медленные углеводы), блюда из баранины - Продолжительность: 4 минуты 5 секунд",/watch?v=q0w3XXjVHsA
"Как приготовить завиванцы рулетики, вторые блюда из куриной грудки, блюда из курицы, chicken rolls - Продолжительность: 5 минут 25 секунд",/watch?v=HjHrMOKwc4E
"Salsa verde recipe, Зеленый соус, Очень простой и очень вкусный соус к мясу, соус к рыбе - Продолжительность: 5 минут 10 секунд",/watch?v=qnpQLQovalc
Как вкусно приготовить курицу? Простой рецепт курица в вине Pollo con vino blanco блюда из курицы - Продолжительность: 5 минут 16 секунд,/watch?v=qmy7fuHX9wo
Рекламный ролик канала COOLинарная ПРОпаганда - Продолжительность: 72 секунды,/watch?v=WAbFq0yQowk
"Как приготовить мясо по-французски, говядину по крестьянски, мясо в пиве, блюда из говядины - Продолжительность: 5 минут 35 секунд",/watch?v=bQMFgSiVPTc
"Arroz a banda, черный рис с каракатицей - Продолжительность: 8 минут 43 секунды",/watch?v=g-SrGDtUPr0
"Рыбный бульон, caldo de pescado - Продолжительность: 5 минут 6 секунд",/watch?v=E_HWUD8btp8
"Тапенада, tapenade - Продолжительность: 4 минуты 26 секунд",/watch?v=qoGVJmv3Muw
"как приготовить тесто для пиццы, домашняя пицца маргарита, пицца четыре сыра, пицца рецепт - Продолжительность: 11 минут",/watch?v=oDvUI8JKij4
Батон полесский - Продолжительность: 2 минуты 49 секунд,/watch?v=apcbbOaucnk
"Глютен, как приготовить тесто - Продолжительность: 3 минуты 39 секунд",/watch?v=kzQEKzGl3uA
"Соус маринара, спагети маринара - Продолжительность: 5 минут 25 секунд",/watch?v=HRdspwrp7m0
